{"cameraMode":{"drawMode":0,"name":"Shaded","section":"Shading Mode"},"sceneLighting":false,"audioPlay":false,"sceneViewState":{"m_AlwaysRefresh":false,"showFog":true,"showSkybox":false,"showFlares":true,"showImageEffects":true,"showParticleSystems":true,"showVisualEffectGraphs":true,"m_FxEnabled":true},"in2DMode":false,"pivot":{"x":-0.0008514225482940674,"y":0.01796424388885498,"z":0.02007913589477539},"rotation":{"x":0.38136956095695498,"y":-0.18525080382823945,"z":0.07830058038234711,"w":0.9022796154022217},"size":0.8660253882408142,"orthographic":false}