{"cameraMode":{"drawMode":0,"name":"Shaded","section":"Shading Mode"},"sceneLighting":false,"audioPlay":false,"sceneViewState":{"m_AlwaysRefresh":false,"showFog":true,"showSkybox":false,"showFlares":true,"showImageEffects":true,"showParticleSystems":true,"showVisualEffectGraphs":true,"m_FxEnabled":true},"in2DMode":false,"pivot":{"x":-5.513429641723633e-7,"y":0.05647912621498108,"z":-4.470348358154297e-8},"rotation":{"x":0.3714517652988434,"y":0.2553161084651947,"z":-0.10701362788677216,"w":0.8862197399139404},"size":0.19427019357681275,"orthographic":true}