{"cameraMode":{"drawMode":0,"name":"Shaded","section":"Shading Mode"},"sceneLighting":false,"audioPlay":false,"sceneViewState":{"m_AlwaysRefresh":false,"showFog":true,"showSkybox":false,"showFlares":true,"showImageEffects":true,"showParticleSystems":true,"showVisualEffectGraphs":true,"m_FxEnabled":true},"in2DMode":false,"pivot":{"x":1.4901161193847657e-8,"y":0.3911176323890686,"z":1.4901161193847657e-8},"rotation":{"x":0.22201688587665559,"y":0.3095066547393799,"z":-0.07456094026565552,"w":0.9216045141220093},"size":0.4566492736339569,"orthographic":true}