{"cameraMode":{"drawMode":0,"name":"Shaded","section":"Shading Mode"},"sceneLighting":false,"audioPlay":false,"sceneViewState":{"m_AlwaysRefresh":false,"showFog":true,"showSkybox":false,"showFlares":true,"showImageEffects":true,"showParticleSystems":true,"showVisualEffectGraphs":true,"m_FxEnabled":true},"in2DMode":false,"pivot":{"x":1.4901161193847657e-8,"y":0.4223794937133789,"z":1.4901161193847657e-8},"rotation":{"x":0.29368606209754946,"y":0.20440694689750672,"z":-0.06444153189659119,"w":0.9315650463104248},"size":0.4836941063404083,"orthographic":true}